StartDate,EndDate,Finished,UserID,MinutesElapsed,Technique,Q9_Response,Q3_Seconds,Q5_Response,Q7_Response,Q5_Seconds,Q10_Seconds,Q9_Seconds,Q14_Seconds,Q11_Seconds,Q3_Response,Q4_Response,Q16_Seconds,Q15_Response,Q8_Seconds,Q12_Response,Q13_Seconds,Q13_Response,Q11_Response,Q1_Response,Q17_Response,Q15_Seconds,Q2_Seconds,Q17_Seconds,Q2_Response,Q4_Seconds,Q7_Seconds,Q14_Response,Q16_Response,Q6_Response,Q10_Response,Q12_Seconds,Q6_Seconds,Q1_Seconds,Q8_Response
2015-03-29 17:22:11,2015-03-29 17:30:23,1,R_25tMlkx0LAQHnqo,8.2,Circle Packing,2,31.791999999999998,9,2,29.819000000000003,30.535999999999998,6.252000000000001,10.689,29.561,3,1,12.992,1,8.823,4.0,11.148,2,2,1,19,11.725,66.237,23.822,4,10.118,11.776,2,1,1,2,32.351,8.157,22.569000000000003,3
2015-03-29 17:22:19,2015-03-29 17:31:01,1,R_vq71oQyy45dYJy1,8.7,Circle Packing,2,9.945,20,1,29.956,17.504,8.141,14.434000000000001,12.702,2,1,19.223,3,12.47,4.0,16.877,1,2,1,20,27.423000000000002,61.813,24.891,7,8.499,28.945999999999998,1,2,1,2,15.286,38.065,18.047,3
2015-03-29 17:23:12,2015-03-29 17:34:50,1,R_3PgFKIO61fhAfeh,11.633333333333333,Circle Packing,3,13.468,10,2,45.941,12.565999999999999,18.132,30.478,30.107,3,1,15.338,2,15.41,4.0,51.626999999999995,1,4,1,11,57.278,7.05,68.024,6,13.225999999999999,45.023,2,1,2,1,19.394000000000002,72.582,26.366999999999997,1
2015-03-29 17:38:53,2015-03-29 17:46:23,1,R_1IhliPn2Eok0Orb,7.5,Circle Packing,1,13.46,12,2,18.65,23.505,6.476,10.894,30.246,2,2,26.385,1,6.821000000000001,4.0,15.392000000000001,2,3,1,17,6.577000000000001,22.309,25.951999999999998,6,9.617,16.057000000000002,2,3,2,2,14.264000000000001,17.872,26.419,2
2015-03-29 17:36:53,2015-03-29 17:48:41,1,R_0dkeqhWcTjAZ6XX,11.8,Circle Packing,3,32.015,12,2,18.887999999999998,11.702,35.028,28.463,14.162,4,1,25.034000000000002,1,21.971999999999998,4.0,24.281,2,3,1,11,22.302,14.300999999999998,18.329,5,10.445,44.746,2,2,4,2,20.472,32.265,25.445,3
2015-03-29 17:43:21,2015-03-29 17:49:14,1,R_5BWF1xvHubsKfJL,5.883333333333334,Circle Packing,1,7.681,8,1,17.197,7.517,8.921,12.304,25.719,2,2,8.67,2,6.096,4.0,12.405,1,1,1,7,8.63,34.794000000000004,11.262,3,13.513,39.574,3,1,2,2,24.438000000000002,31.303,8.106,2
2015-03-29 17:50:25,2015-03-29 17:55:38,1,R_1qg1fLzWSYWJ5CK,5.216666666666667,Circle Packing,3,7.196000000000001,7,2,17.212,9.189,17.146,5.5089999999999995,18.328,2,2,4.577,1,20.469,4.0,6.524,2,2,1,11,15.172,12.585999999999999,9.169,4,11.613,8.368,2,3,3,2,13.57,34.117,5.648,1
2015-03-29 18:02:55,2015-03-29 18:08:55,1,R_1LRJRJYNqZM9Gr1,6.0,Circle Packing,3,21.156999999999996,7,2,26.796,6.162999999999999,7.03,9.889,31.14,3,1,10.258,1,9.357000000000001,3.0,12.798,2,3,1,3,14.167,48.941,14.095999999999998,4,20.568,6.99,2,1,3,2,12.124,28.291,29.141,1
2015-03-29 18:05:00,2015-03-29 18:14:40,1,R_AajHQGTpaomEOul,9.666666666666666,Circle Packing,3,18.785999999999998,9,2,46.093,29.445,18.305999999999997,18.458,15.085999999999999,3,1,11.774000000000001,1,13.93,3.0,42.508,2,3,1,3,11.218,78.407,18.685,3,12.517000000000001,12.915999999999999,2,1,3,2,59.995,25.122,11.324000000000002,2
2015-03-29 18:11:25,2015-03-29 18:19:26,1,R_1KpCy6fCwglHngv,8.016666666666667,Circle Packing,1,13.083,12,2,28.815,9.708,6.256,11.905,11.841,2,2,8.184,3,16.316,2.0,13.329,2,3,1,4,8.549,79.418,13.458,4,12.42,15.207,2,1,3,2,25.954,44.286,28.500999999999998,2
2015-03-29 19:05:29,2015-03-29 19:18:14,1,R_24CtBmQNoFCIdch,12.75,Circle Packing,3,21.660999999999998,8,2,24.456999999999997,13.93,7.771,24.299,33.68,3,1,23.263,1,10.001,3.0,34.009,1,2,1,3,20.614,151.803,13.954,5,12.124,21.180999999999997,2,1,3,2,19.012,20.17,57.855,1
2015-03-29 20:53:04,2015-03-29 21:04:53,1,R_1hB8RMGbOxAG5Bm,11.816666666666666,Circle Packing,3,33.269,15,3,20.921999999999997,20.796999999999997,6.867000000000001,16.168,25.691999999999997,2,1,17.204,1,12.13,4.0,23.189,1,3,1,2,13.834000000000001,113.824,26.058000000000003,6,9.975,13.322000000000001,2,1,2,1,20.427,29.275,13.470999999999998,1
2015-03-29 21:07:31,2015-03-29 21:18:45,1,R_1f11OqTRbLV1aZ1,11.233333333333333,Circle Packing,2,13.37,1,2,60.226000000000006,17.912,9.367,15.663,24.22,3,1,31.479,2,25.747,4.0,18.262,1,2,1,11,8.283999999999999,114.45100000000001,11.829,4,25.019000000000002,32.758,3,2,1,2,18.785,74.217,9.05,3
2015-03-29 21:14:59,2015-03-29 21:20:24,1,R_Od8xp3cMlYjI5Ud,5.416666666666667,Circle Packing,2,14.300999999999998,11,2,14.032,7.933,6.936,8.955,9.466000000000001,3,3,13.675999999999998,1,9.228,4.0,10.459000000000001,1,3,1,12,7.726,14.964,16.863,4,10.799000000000001,11.334000000000001,2,1,1,2,14.809000000000001,11.309000000000001,23.018,3
2015-03-29 21:28:36,2015-03-29 21:38:24,1,R_2WvrsWkseXH6cla,9.8,Circle Packing,3,39.678000000000004,5,3,17.8,11.09,7.567,20.763,44.269,3,1,26.683000000000003,2,14.082,4.0,14.915,1,2,1,11,22.324,53.343,12.972999999999999,9,14.312999999999999,38.665,3,2,3,2,27.831999999999997,32.007,12.745999999999999,1
2015-03-29 21:39:51,2015-03-29 21:49:52,1,R_wMLcWGuM9l19ZwB,10.016666666666667,Circle Packing,4,25.479,20,3,55.714,16.39,9.629,16.372,20.53,2,1,22.901,2,13.538,,31.541,3,3,1,20,22.868000000000002,30.976999999999997,57.919,8,33.356,29.985,2,2,2,1,54.942,23.819000000000003,17.160999999999998,2
2015-03-29 21:23:49,2015-03-29 23:01:01,1,R_5pudnT9rRVi5So1,97.2,Circle Packing,3,10.479000000000001,8,2,9.895,7.212999999999999,3.8169999999999997,8.7,6.024,2,1,4.888999999999999,1,5.456,2.0,6.478,2,3,1,3,11.342,18.011,9.126,5,4.399,8.724,3,1,3,2,21.105999999999998,5.872999999999999,4.323,1
2015-03-30 01:17:19,2015-03-30 01:23:20,1,R_XRok4d9TQFjfTSV,6.016666666666667,Circle Packing,3,17.467,20,2,26.755,8.658999999999999,16.236,11.959000000000001,7.864,3,1,8.597000000000001,1,22.945999999999998,3.0,6.494,3,3,1,11,4.994,21.349,15.970999999999998,4,5.596,42.875,1,3,1,2,9.079,21.584,17.945999999999998,1
2015-03-30 04:42:21,2015-03-30 04:50:49,1,R_269Ff6rVuAbaNhd,8.466666666666667,Circle Packing,3,25.818,8,2,15.446,10.355,9.167,13.36,40.364000000000004,3,3,18.878,2,19.34,3.0,10.054,1,3,1,4,13.115,12.265,20.437,4,18.954,19.387999999999998,2,1,3,2,15.805,26.271,44.309,1
2015-03-30 04:47:14,2015-03-30 04:58:48,1,R_23V2nOJKSHdxPiq,11.566666666666666,Circle Packing,1,29.125999999999998,6,2,39.361,14.054,8.945,27.84,16.195999999999998,2,1,17.029,2,28.677,4.0,15.28,1,2,1,11,8.263,158.094,10.491,4,16.399,35.051,3,1,2,2,23.425,12.091,33.66,2
2015-03-30 04:56:25,2015-03-30 05:04:16,1,R_2axiMt5L8ARsI9m,7.85,Circle Packing,3,18.65,15,2,10.564,12.31,14.363,15.874,26.695,3,2,15.898,1,8.227,3.0,14.609000000000002,1,2,1,5,13.195,18.977,14.892000000000001,5,7.891,15.413,3,1,2,1,12.435,28.456999999999997,16.472,2
2015-03-30 04:55:01,2015-03-30 05:07:00,1,R_1MWZFMnuDyKuD1y,11.983333333333333,Circle Packing,3,77.267,20,2,56.54,52.574,7.478,9.806000000000001,28.927,2,1,11.523,2,13.719000000000001,4.0,21.883000000000003,2,3,1,11,20.434,93.14399999999999,33.549,4,30.16,14.814,2,3,2,2,22.258000000000003,13.509,28.52,1
2015-03-30 05:19:34,2015-03-30 05:29:11,1,R_1n8RjYB7ylMKQT7,9.616666666666667,Circle Packing,3,14.796,8,2,19.623,15.09,8.744,18.039,30.333000000000002,2,3,31.211,2,15.397,4.0,18.948,2,2,1,20,11.617,36.894,54.181999999999995,5,34.66,38.093,3,1,3,2,51.857,15.787,11.569,1
2015-03-30 06:20:22,2015-03-30 06:35:37,1,R_2us1VTNzoRCHSkL,15.25,Circle Packing,3,41.294,13,2,19.305999999999997,63.333999999999996,9.092,20.733,23.978,3,1,10.199,1,11.142000000000001,1.0,72.712,1,3,1,2,15.790999999999999,57.705,37.908,6,13.806,34.361,2,1,3,1,48.376000000000005,18.531,12.713,1
2015-03-30 07:06:55,2015-03-30 07:13:11,1,R_2ZPkPWB0wEI1u9D,6.266666666666667,Circle Packing,1,6.228,5,2,12.374,15.565,10.847999999999999,8.227,18.794,2,2,0.0,1,11.368,4.0,9.577,2,2,1,11,6.495,21.568,12.415999999999999,4,7.242999999999999,16.588,2,2,2,2,16.285,21.674,7.428999999999999,2
2015-03-30 07:54:06,2015-03-30 07:59:30,1,R_2qDbkTc67Gglptp,5.4,Circle Packing,3,6.642,11,3,49.272,5.635,4.663,13.829,7.749,3,2,11.097000000000001,3,7.2829999999999995,4.0,5.973,2,3,1,11,65.868,18.475,8.0,5,6.39,13.966,2,1,3,2,8.736,24.826,8.351,1
2015-03-30 07:59:59,2015-03-30 08:07:18,1,R_1P5BkOIRfQHs6UY,7.316666666666666,Circle Packing,3,32.519,16,3,37.099000000000004,10.637,5.671,13.612,7.397,3,1,8.871,2,6.563,4.0,18.425,2,2,1,11,5.784,30.208000000000002,11.462,10,17.282,35.586,3,3,3,2,8.109,10.300999999999998,14.085,1
2015-03-30 09:20:37,2015-03-30 09:33:01,1,R_25HoIjC5FuhBsAy,12.4,Circle Packing,3,28.048000000000002,1,2,69.373,12.859000000000002,40.272,15.578,37.465,2,1,7.191,2,36.855,4.0,17.567,2,2,1,16,20.561999999999998,133.719,35.1,1,24.086,21.122,3,3,1,2,52.827,28.728,27.119,1
2015-03-30 10:20:20,2015-03-30 10:24:10,1,R_2qm8SKd8WIUNkvu,3.8333333333333335,Circle Packing,1,14.163,11,2,10.715,8.339,4.7780000000000005,6.567,10.196,2,1,7.483,1,4.934,4.0,6.1610000000000005,2,3,1,11,4.387,13.222000000000001,10.225,4,7.001,9.818999999999999,2,1,2,2,5.749,18.535999999999998,13.27,2
2015-03-30 10:35:13,2015-03-30 10:45:32,1,R_1I4V6AZtLmMHeoj,10.316666666666666,Circle Packing,1,15.31,4,2,60.18899999999999,23.82,6.479,35.375,22.72,3,1,13.004000000000001,3,11.56,4.0,15.977,2,2,1,11,8.605,144.444,20.410999999999998,3,7.989,32.029,2,1,1,2,12.497,25.511999999999997,24.142,2
2015-03-30 11:44:41,2015-03-30 11:52:55,1,R_21BPikUTu4ILdhw,8.233333333333333,Circle Packing,3,16.164,11,2,13.735999999999999,13.714,10.484000000000002,13.305,31.283,2,1,22.21,1,14.794,4.0,9.187000000000001,1,3,1,11,8.38,45.483000000000004,11.514000000000001,6,13.884,69.859,2,3,1,2,13.639000000000001,31.340999999999998,11.088,1
2015-03-30 12:59:18,2015-03-30 13:10:19,1,R_6Kdbzns7MUtmiih,11.016666666666667,Circle Packing,3,28.274,8,2,18.465,5.3870000000000005,7.7620000000000005,21.59,34.772,1,1,21.095,1,15.988,3.0,23.069000000000003,2,3,1,16,13.217,108.931,62.335,4,7.795,8.115,2,2,3,2,38.474000000000004,10.533,14.445,1
2015-03-29 17:21:54,2015-03-29 17:29:12,1,R_3MfGbN6MEmP0Enk,7.3,Cluster Heatmap,4,14.478,7,2,19.048,16.016,12.745,14.505999999999998,15.544,3,1,17.449,4,9.758,3.0,10.318,2,3,1,5,19.922,14.169,15.155999999999999,3,12.21,13.619000000000002,1,2,2,2,15.46,13.894,11.975999999999999,3
2015-03-29 17:25:29,2015-03-29 17:29:16,1,R_1QbFjRd6H95JNra,3.783333333333333,Cluster Heatmap,2,12.94,6,2,13.036,5.996,7.779,9.162,7.954,3,1,10.707,3,5.566,3.0,10.384,2,3,1,4,7.112,12.822000000000001,12.655999999999999,5,4.556,12.084000000000001,1,1,3,2,8.549,16.412,8.365,3
2015-03-29 17:31:58,2015-03-29 17:36:22,1,R_2ardaoGTgCIIatC,4.4,Cluster Heatmap,1,10.739,16,2,19.271,13.517999999999999,10.068,8.17,15.579,1,2,10.096,2,7.4910000000000005,4.0,8.576,3,2,1,10,9.109,16.508,7.675,10,6.81,8.654,2,1,3,2,9.582,17.246,22.224,3
2015-03-29 17:35:09,2015-03-29 17:42:21,1,R_vOAxPP4vwwudSa5,7.2,Cluster Heatmap,3,14.533,6,3,13.527000000000001,25.581,14.850999999999999,12.799000000000001,20.362000000000002,2,1,11.312000000000001,1,10.049,3.0,17.192999999999998,3,3,1,3,11.119000000000002,43.008,13.357000000000001,3,14.251,35.676,2,2,3,2,18.557000000000002,15.464,12.878,3
2015-03-29 17:33:22,2015-03-29 17:46:37,1,R_26nF3kaKDe73Rn0,13.25,Cluster Heatmap,2,41.205,7,2,27.596,35.251,19.535999999999998,16.303,38.39,2,1,17.634,2,25.223000000000003,4.0,24.04,1,2,1,6,11.042,84.595,40.58,4,24.64,82.014,3,2,3,2,64.97800000000001,54.833999999999996,22.621,3
2015-03-29 17:48:07,2015-03-29 17:53:01,1,R_PS2OGYI40Oo5WCd,4.9,Cluster Heatmap,3,8.627,5,2,8.01,21.081,9.843,10.142000000000001,40.921,1,1,14.887,2,8.974,3.0,8.084,2,2,1,16,7.154,8.682,11.298,5,7.178999999999999,10.667,3,4,3,2,8.148,15.124,4.027,3
2015-03-29 17:48:01,2015-03-29 18:02:00,1,R_3Jef3qcZrmKWTZ8,13.983333333333333,Cluster Heatmap,3,13.975,5,2,17.124000000000002,16.766,37.851,11.155,18.521,3,2,71.089,1,15.155999999999999,4.0,318.32,2,2,1,10,15.91,8.683,13.468,5,11.419,11.694,2,3,3,2,45.169,13.874,153.363,3
2015-03-29 18:03:50,2015-03-29 18:09:24,1,R_2bTA6ACSb1LCYl6,5.566666666666666,Cluster Heatmap,1,11.032,8,2,8.83,17.827,7.146,5.063,19.35,3,1,17.916,3,7.376,3.0,9.088,1,2,1,3,8.767999999999999,25.489,6.492999999999999,5,10.469000000000001,22.081999999999997,1,1,3,2,10.889000000000001,31.248,15.106,3
2015-03-29 18:09:22,2015-03-29 18:18:21,1,R_2wiziPOOHCi0PWG,8.983333333333333,Cluster Heatmap,3,23.509,7,2,14.325,18.0,13.798,20.235,37.046,3,1,21.799,2,20.153,5.0,21.474,3,2,1,14,18.178,63.656000000000006,17.703,3,23.455,14.995999999999999,3,2,3,2,24.666999999999998,32.134,17.894000000000002,1
2015-03-29 18:22:37,2015-03-29 18:31:45,1,R_veEyxBhLtECjn9L,9.133333333333333,Cluster Heatmap,3,9.511000000000001,8,2,7.954,7.189,9.046,11.52,24.44,2,2,10.504000000000001,2,9.924,3.0,7.194,2,2,2,5,8.426,31.721999999999998,10.342,5,5.523,17.516,3,1,3,2,7.303,39.745,30.158,3
2015-03-29 18:25:06,2015-03-29 18:32:34,1,R_2BgMM7XWnMAShyN,7.466666666666667,Cluster Heatmap,3,16.844,7,2,12.715,19.701,10.317,18.657,16.445,3,2,9.552,3,14.948,3.0,14.029000000000002,3,3,1,3,17.505,27.69,14.609000000000002,4,11.229000000000001,11.618,3,1,3,2,13.839,12.904000000000002,27.353,3
2015-03-29 19:38:01,2015-03-29 19:47:13,1,R_2DP33a11PkSPHZ7,9.2,Cluster Heatmap,3,15.24,7,2,10.475999999999999,13.607999999999999,18.069000000000003,15.842,16.949,1,2,10.125,2,35.394,3.0,21.131,2,2,1,8,11.455,10.241,49.46,4,18.705,29.709,3,3,2,2,41.9,31.279,13.845,1
2015-03-29 20:37:00,2015-03-29 20:44:29,1,R_2vcyVB6pfayAvdc,7.483333333333333,Cluster Heatmap,3,42.801,12,3,17.484,14.114,16.955,15.065999999999999,11.440999999999999,1,1,10.413,1,14.9,3.0,12.258,1,2,1,3,7.202000000000001,48.821999999999996,5.529,7,20.015,33.352,2,3,3,4,9.42,13.450999999999999,47.913999999999994,3
2015-03-29 21:50:10,2015-03-29 21:59:52,1,R_3oZ0n8fzhC8k48F,9.7,Cluster Heatmap,3,17.854,15,2,20.287,38.375,15.927999999999999,18.975,21.511,3,1,17.789,2,10.095,4.0,32.092,1,3,1,8,19.230999999999998,25.678,42.306000000000004,7,20.098,17.57,3,1,3,2,19.664,17.414,13.927,3
2015-03-29 22:12:32,2015-03-29 22:17:41,1,R_2AQjjFWs50VdKHs,5.15,Cluster Heatmap,4,10.592,8,2,8.566,13.927999999999999,13.454,6.529,23.748,1,1,10.248,2,6.05,3.0,18.325,1,2,1,3,11.515,24.569000000000003,6.5729999999999995,5,13.02,14.454,1,1,3,2,12.405999999999999,18.371,23.789,3
2015-03-29 22:13:16,2015-03-29 22:23:02,1,R_2BkRNDLqoxiaFUt,9.766666666666667,Cluster Heatmap,3,17.531,8,2,10.102,15.519,14.707,21.711,15.784,3,1,64.368,2,10.299000000000001,4.0,46.875,4,2,1,15,9.992,53.06399999999999,17.875999999999998,5,75.10600000000001,11.429,4,3,3,2,15.949000000000002,15.565999999999999,13.002,3
2015-03-29 22:54:17,2015-03-29 23:02:26,1,R_31RzRuyeNllDzny,8.15,Cluster Heatmap,3,13.35,7,2,12.503,11.686,7.287000000000001,10.05,52.895,2,1,9.53,2,10.285,2.0,13.273,2,2,1,2,10.825,108.73,18.09,4,10.215,22.698,3,2,3,2,11.902000000000001,8.837,32.775,3
2015-03-30 00:28:44,2015-03-30 00:59:19,1,R_2PtBRKHLXdllcwY,30.583333333333332,Cluster Heatmap,3,152.30100000000002,13,2,101.663,70.375,91.663,51.221000000000004,58.188,2,1,210.63,3,52.65,5.0,41.567,2,2,1,8,90.948,116.631,224.49200000000002,7,46.556999999999995,36.138000000000005,1,2,3,2,101.617,77.337,108.08200000000001,2
2015-03-30 03:24:42,2015-03-30 03:30:19,1,R_2wjCYTiFfvLImN4,5.616666666666666,Cluster Heatmap,3,21.229,13,2,20.344,10.149,4.194,14.218,13.839,3,1,8.794,1,4.869,4.0,13.632,1,2,1,5,17.285,16.414,7.303999999999999,7,6.236000000000001,18.241,2,2,3,2,17.024,9.213,20.146,3
2015-03-30 03:35:57,2015-03-30 03:42:39,1,R_e8oohE1nFNEFmBL,6.7,Cluster Heatmap,3,17.055,16,2,21.566,6.87,9.129,11.66,9.651,3,1,11.332,2,15.904000000000002,3.0,11.199000000000002,2,2,1,3,7.404,16.41,11.997,8,12.367,12.255999999999998,3,1,3,2,22.897,29.648000000000003,10.51,3
2015-03-30 04:24:54,2015-03-30 04:33:52,1,R_ODJJfKMZrYxVeVP,8.966666666666667,Cluster Heatmap,4,17.833,8,2,20.57,15.267000000000001,17.347,10.822000000000001,69.03699999999999,3,2,17.15,1,9.788,3.0,23.721999999999998,3,2,1,5,12.790999999999999,5.43,26.756999999999998,6,17.577,11.193,3,1,3,2,36.491,2.668,18.907,3
2015-03-30 04:27:13,2015-03-30 04:38:29,1,R_1mDHo9RsMOOBEP4,11.266666666666667,Cluster Heatmap,3,6.827999999999999,8,2,10.715,41.855,5.861000000000001,9.199,29.781,2,1,20.337,2,20.570999999999998,5.0,16.455,3,3,1,16,7.332999999999999,57.331,16.747,5,7.766,16.23,3,2,3,3,41.521,12.155,12.686,1
2015-03-30 04:56:36,2015-03-30 05:03:51,1,R_08l6irxVFTV34o9,7.25,Cluster Heatmap,3,18.91,8,2,12.369000000000002,18.425,9.704,18.615,27.256999999999998,2,1,18.277,2,8.115,3.0,14.442,2,2,1,5,10.526,54.323,13.616,5,10.604000000000001,17.311,2,2,3,2,13.012,10.945,14.831,1
2015-03-30 05:22:56,2015-03-30 05:30:00,1,R_vdgH1XYLyq42dJT,7.066666666666666,Cluster Heatmap,1,9.193999999999999,8,2,13.835999999999999,7.207000000000001,9.25,22.386,11.968,3,2,7.084,2,19.379,3.0,9.847000000000001,1,2,1,11,7.296,8.865,10.501,5,6.829,20.974,1,1,3,2,20.566,10.350999999999999,23.355999999999998,2
2015-03-30 05:52:36,2015-03-30 06:00:53,1,R_2cvIrspY1QTBEMs,8.283333333333333,Cluster Heatmap,3,8.081,7,2,20.049,10.335999999999999,8.805,11.818,40.067,2,1,12.235,2,17.29,3.0,20.552,2,2,1,4,7.65,42.074,23.31,4,13.104000000000001,14.050999999999998,3,1,3,2,25.566999999999997,13.837,105.042,1
2015-03-30 06:11:07,2015-03-30 06:16:29,1,R_3ps7omcOqeLSz1d,5.366666666666666,Cluster Heatmap,2,13.792,5,2,7.006,12.705,11.652999999999999,7.6160000000000005,24.409000000000002,2,3,11.033,1,12.004000000000001,2.0,15.607000000000001,2,3,1,2,14.286,10.630999999999998,7.707000000000001,4,8.619,9.243,1,1,2,2,12.011,26.748,4.952,3
2015-03-30 06:54:28,2015-03-30 07:00:29,1,R_2vZWlc0fU8wzEv3,6.016666666666667,Cluster Heatmap,2,16.747,5,2,21.434,9.027000000000001,9.36,10.341,15.745,1,2,14.467,3,9.22,2.0,13.619000000000002,2,3,1,4,8.969,22.615,8.024,5,10.552,20.758000000000003,1,1,3,2,13.687000000000001,14.634,31.855999999999998,3
2015-03-30 06:48:39,2015-03-30 07:03:48,1,R_BV2qAJ3bn7CSTKN,15.15,Cluster Heatmap,3,12.16,15,2,15.690999999999999,9.856,16.689,13.257,19.122,2,1,10.224,2,8.668,3.0,58.388999999999996,2,2,1,3,10.796,69.619,5.334,9,10.855,10.674000000000001,3,1,3,2,14.865,125.634,19.027,3
2015-03-30 07:30:26,2015-03-30 07:39:12,1,R_2zvfQLv3r9lwJrx,8.766666666666667,Cluster Heatmap,4,33.496,7,1,18.954,34.786,11.877,9.82,9.693999999999999,3,1,9.385,3,12.100999999999999,3.0,17.477999999999998,2,2,1,15,18.102,35.601,22.276999999999997,3,21.160999999999998,11.558,1,1,3,2,35.082,17.187,12.392000000000001,3
2015-03-30 08:10:35,2015-03-30 08:19:03,1,R_2rkJIDVtgZM3rm5,8.466666666666667,Cluster Heatmap,4,38.576,3,2,25.668000000000003,11.988,4.644,6.09,25.381999999999998,2,1,11.109000000000002,3,5.784,5.0,19.601,2,3,1,6,5.644,69.682,9.165,4,16.622,53.248999999999995,1,1,3,2,29.78,12.129000000000001,30.635,3
2015-03-30 08:14:26,2015-03-30 08:20:19,1,R_puhEy9vov8hZ35n,5.883333333333334,Cluster Heatmap,3,5.832000000000001,8,2,8.021,7.365,14.774000000000001,5.646,23.803,1,1,9.795,3,7.087000000000001,3.0,10.439,1,3,1,4,8.902999999999999,13.323,20.934,5,9.334,12.681,1,2,2,2,30.191999999999997,21.113000000000003,21.281999999999996,3
2015-03-30 12:13:05,2015-03-30 12:51:58,1,R_1obDlEjuARLkOpU,38.88333333333333,Cluster Heatmap,3,33.881,6,2,32.569,97.906,35.403,31.843000000000004,250.68599999999998,3,1,57.699,2,42.972,4.0,87.411,2,3,1,4,49.568000000000005,581.822,25.896,3,16.136,32.624,3,1,3,2,145.924,77.459,226.56400000000002,1
2015-03-30 13:12:28,2015-03-30 13:20:35,1,R_3n7cZMTyFaPmNqd,8.116666666666667,Cluster Heatmap,3,25.119,8,2,12.075999999999999,17.855999999999998,10.732000000000001,11.978,32.215,2,1,15.415999999999999,1,12.679,3.0,11.984000000000002,2,2,1,8,10.224,81.089,18.879,5,6.82,12.554,3,1,3,2,20.416,18.633,21.648000000000003,1
2015-03-30 14:06:42,2015-03-30 14:15:49,1,R_21bysIEBIwTwZ83,9.116666666666667,Cluster Heatmap,3,12.466,14,2,27.268,11.004000000000001,14.526,11.625,17.174,2,3,16.788,4,25.554000000000002,3.0,12.97,1,2,1,3,9.549,21.136,23.805,8,17.762,13.977,4,4,3,2,23.697,20.17,13.116,3
2015-03-29 17:22:22,2015-03-29 17:27:38,1,R_2rwKPAvlzgDicMW,5.266666666666667,Force Directed Tree,3,14.644,10,2,10.46,10.908,12.04,8.356,15.218,2,3,9.88,3,13.769,4.0,11.477,2,4,1,11,8.214,29.703000000000003,10.033999999999999,6,4.7139999999999995,18.182000000000002,2,1,3,2,8.065,6.882000000000001,21.21,1
2015-03-29 17:25:44,2015-03-29 17:32:19,1,R_3iR1wvh2btgDx7J,6.583333333333333,Force Directed Tree,3,26.796999999999997,7,2,24.195,11.074000000000002,9.316,19.581,15.105,4,2,16.891,2,13.724,4.0,10.687000000000001,2,3,1,11,33.830999999999996,65.865,12.636,4,19.111,11.363,4,1,3,1,9.261000000000001,7.415,23.609,1
2015-03-29 17:30:58,2015-03-29 17:33:46,1,R_5jsiRPWsxpTmS6l,2.8,Force Directed Tree,1,7.775,7,3,5.341,4.129,3.59,6.9910000000000005,7.939,3,3,6.791,3,5.98,4.0,5.314,2,1,1,11,5.071000000000001,4.004,9.232999999999999,5,4.603,12.272,3,2,2,2,4.785,11.374,7.849,3
2015-03-29 17:36:01,2015-03-29 17:44:34,1,R_Qcz563ZDciRh09b,8.55,Force Directed Tree,3,50.269,7,2,26.391,12.132,11.133,21.074,17.053,2,1,14.947000000000001,1,9.437999999999999,4.0,15.074000000000002,3,3,1,11,7.942,53.265,9.096,4,27.616999999999997,35.427,2,2,3,2,18.168,9.411,17.566,1
2015-03-29 17:47:41,2015-03-29 17:51:39,1,R_Rb1jQ8zWn30hRYd,3.966666666666667,Force Directed Tree,3,5.303,4,2,9.083,10.921,6.6739999999999995,7.2379999999999995,18.293,3,1,17.724,1,12.865,4.0,5.577999999999999,2,2,1,11,6.815,31.761999999999997,12.300999999999998,4,9.854,6.212999999999999,2,2,3,2,9.957,7.2010000000000005,4.686,1
2015-03-29 17:47:56,2015-03-29 17:54:08,1,R_VVboJ3CbJYhkhq1,6.2,Force Directed Tree,2,9.071,9,2,15.492,11.296,6.845,22.774,27.584,1,1,6.257999999999999,1,8.861,4.0,5.38,2,2,1,17,11.987,31.526999999999997,11.834000000000001,5,13.918,13.248,2,1,3,1,8.112,39.653,13.432,1
2015-03-29 17:38:16,2015-03-29 17:55:17,1,R_2xLYX7QMXh6YYwN,17.016666666666666,Force Directed Tree,3,14.425999999999998,3,2,13.773,28.71,13.639000000000001,30.525,50.816,3,1,13.219000000000001,1,12.625,3.0,25.529,2,2,1,5,25.526999999999997,21.33,27.79,4,14.195,31.518,2,2,3,1,30.455,14.081,426.106,1
2015-03-29 17:48:23,2015-03-29 17:56:07,1,R_2OTNvB3sZZRwCus,7.733333333333333,Force Directed Tree,3,11.665999999999999,4,2,16.419,15.229000000000001,16.865,19.738,13.392000000000001,3,2,15.582,1,20.326,4.0,12.648,2,3,1,11,22.221,15.302999999999999,17.238,3,19.095,9.873,2,1,1,2,9.121,12.208,19.095,1
2015-03-29 17:46:25,2015-03-29 17:58:34,1,R_xfvh8oC2Ead2P85,12.15,Force Directed Tree,3,19.778,9,2,36.585,52.526,18.442,69.342,27.546,3,1,27.441999999999997,1,13.306,4.0,19.512999999999998,2,3,1,11,31.195999999999998,103.82600000000001,28.441999999999997,2,28.083000000000002,39.72,1,2,3,2,18.262999999999998,21.851999999999997,46.012,1
2015-03-29 17:54:35,2015-03-29 17:58:47,1,R_2QPtiqz6lvpshEC,4.2,Force Directed Tree,2,16.454,7,2,12.757,9.904,7.182,5.7,15.039000000000001,1,1,5.615,3,6.393,4.0,8.314,2,3,1,12,5.0680000000000005,12.72,10.75,6,13.512,8.783,2,3,2,2,6.306,16.142,8.256,3
2015-03-29 18:02:35,2015-03-29 18:08:25,1,R_3qHD0hrlWxtB75e,5.833333333333333,Force Directed Tree,2,6.27,5,3,9.249,4.882,11.93,5.348,4.586,2,2,18.494,3,9.022,3.0,18.942,2,1,1,4,7.51,22.123,8.617,4,13.001,28.232,2,3,2,2,15.126,10.365,39.443000000000005,2
2015-03-29 18:04:43,2015-03-29 18:14:38,1,R_2OHoSra2rZOrDw3,9.916666666666666,Force Directed Tree,3,21.646,7,2,24.061999999999998,19.195999999999998,13.812000000000001,28.098000000000003,57.57899999999999,2,2,17.644000000000002,2,11.808,4.0,21.364,2,2,1,11,17.486,73.608,19.893,4,13.975999999999999,37.778,3,1,3,2,14.823,11.897,23.796999999999997,1
2015-03-29 18:17:18,2015-03-29 18:33:31,1,R_2rSMGWOIWv7MBWY,16.216666666666665,Force Directed Tree,3,17.45,9,2,17.933,28.456,27.035999999999998,17.581,57.592,3,2,14.805,3,17.914,4.0,32.179,2,3,1,12,30.125,187.058,63.33,4,16.5,16.180999999999997,2,2,3,1,57.312,25.5,63.637,1
2015-03-29 18:33:00,2015-03-29 18:41:25,1,R_23gmqr83e4LbSkw,8.416666666666666,Force Directed Tree,2,16.969,10,2,26.086,8.32,12.648,12.05,16.227999999999998,3,1,10.076,2,6.904,4.0,12.626,1,3,1,11,16.727999999999998,80.69,12.700999999999999,8,17.187,32.758,2,2,3,1,25.11,26.511,9.282,3
2015-03-29 18:46:37,2015-03-29 18:52:04,1,R_0ML0Bh2bADeSKE9,5.45,Force Directed Tree,3,11.306,8,2,12.535,8.107000000000001,10.497,14.044,21.339000000000002,2,2,9.366,4,16.757,4.0,12.735,3,4,1,11,10.937000000000001,58.758,9.521,4,20.274,11.450999999999999,2,1,2,2,11.23,13.536,30.845,1
2015-03-29 19:21:38,2015-03-29 19:29:46,1,R_3Gfxp6VV9NqcDaW,8.133333333333333,Force Directed Tree,2,18.517,6,2,14.577,31.511999999999997,9.415,17.257,56.869,3,2,11.338,3,18.155,3.0,23.866,1,2,1,7,29.296,8.183,62.452,5,13.16,22.441999999999997,3,2,1,3,19.283,10.164,13.19,1
2015-03-29 19:32:10,2015-03-29 19:41:18,1,R_0MUR73qODNZ8ITf,9.133333333333333,Force Directed Tree,1,7.041,12,3,10.273,9.527999999999999,4.434,12.452,10.322000000000001,2,2,7.775,3,9.921,4.0,5.609,1,2,1,7,7.526,11.963,12.860999999999999,5,5.6739999999999995,20.128,1,1,2,2,9.93,19.797,12.595999999999998,1
2015-03-29 19:52:06,2015-03-29 19:57:32,1,R_YVo61hebwYUGqI1,5.433333333333334,Force Directed Tree,3,7.099,7,4,10.832,18.658,11.253,10.542,19.668,3,1,15.163,3,20.149,4.0,20.955,2,3,1,11,18.561,10.895999999999999,14.114,7,8.35,8.254,2,2,3,1,16.682000000000002,6.898,17.078,3
2015-03-29 20:14:11,2015-03-29 20:21:01,1,R_2e9EnzhNtkYiBeB,6.833333333333333,Force Directed Tree,3,17.346,11,2,23.819000000000003,9.376,12.11,8.179,19.320999999999998,1,1,9.484,1,16.160999999999998,4.0,12.882,2,2,1,11,9.937000000000001,103.509,10.33,4,13.232000000000001,10.503,2,3,2,2,10.243,14.071,36.191,1
2015-03-29 20:38:30,2015-03-29 20:56:18,1,R_2q4o3EXZAPF9zPm,17.8,Force Directed Tree,3,30.743000000000002,4,2,14.850999999999999,77.887,43.775,20.316,72.35300000000001,4,1,20.785999999999998,3,68.053,4.0,37.391999999999996,2,3,1,11,20.426,59.265,25.054000000000002,2,29.578000000000003,21.08,2,2,3,2,30.516,23.474,93.16,1
2015-03-30 04:48:19,2015-03-30 04:53:41,1,R_2V90gRcwgWnnF1X,5.366666666666666,Force Directed Tree,3,12.863,7,3,16.706,17.43,15.593,6.047000000000001,8.185,3,1,9.28,3,8.502,4.0,8.905,2,3,1,10,6.106,47.297,7.102,4,12.207,17.428,2,1,3,1,8.326,6.959,12.731,1
2015-03-30 05:08:54,2015-03-30 05:15:46,1,R_2SoZGf3em2IcO5w,6.866666666666666,Force Directed Tree,2,11.773,3,2,31.732,19.382,9.062000000000001,13.04,28.018,3,3,8.398,3,12.804,4.0,15.683,2,3,1,11,5.794,41.221000000000004,9.832,1,24.444000000000003,28.506999999999998,2,1,3,3,11.07,10.407,11.44,1
2015-03-30 05:23:47,2015-03-30 05:29:46,1,R_2b3nN9IkGW5DltK,5.983333333333333,Force Directed Tree,3,9.621,16,1,16.701,12.012,6.581,8.002,10.772,2,1,11.43,3,67.11,3.0,48.62,2,2,1,3,8.005,16.088,9.772,10,6.459,16.225,3,2,3,2,7.603,14.515,8.287,1
2015-03-30 05:23:21,2015-03-30 05:31:32,1,R_3yh8oLiMHCYQV5r,8.183333333333334,Force Directed Tree,3,13.622,5,2,28.425,9.706,12.665999999999999,8.404,37.727,1,2,20.31,2,17.108,4.0,10.401,2,2,1,11,8.982000000000001,59.545,12.663,3,18.836,10.683,2,1,3,2,11.447000000000001,14.273,21.866,1
2015-03-30 06:18:03,2015-03-30 06:30:53,1,R_YVwlgJv5Y1Qhsjv,12.833333333333334,Force Directed Tree,3,20.784000000000002,7,2,102.87200000000001,15.019,18.0,14.499,45.163999999999994,2,1,18.617,1,23.701,5.0,6.43,2,3,1,20,23.419,52.24,26.836,5,58.772,13.255999999999998,2,1,3,2,51.052,13.347000000000001,16.974,1
2015-03-30 07:02:34,2015-03-30 07:08:43,1,R_2R3XWaewaK5SH2l,6.15,Force Directed Tree,3,24.185,8,2,21.619,17.869,10.798,12.192,55.24,3,1,12.5,2,10.057,4.0,13.869000000000002,2,2,1,11,26.041999999999998,17.37,9.529,5,4.484,8.72,2,2,3,2,17.804000000000002,9.757,13.935,1
2015-03-30 07:59:47,2015-03-30 08:04:38,1,R_2wT72bYCj6NyIRM,4.85,Force Directed Tree,1,8.865,10,3,7.645,13.405999999999999,4.959,6.024,12.940999999999999,3,1,5.5760000000000005,3,13.287,2.0,6.932,2,1,1,6,8.571,21.599,14.343,5,7.882000000000001,11.953,2,2,1,1,18.105,4.662,7.284,1
2015-03-30 07:59:36,2015-03-30 08:07:27,1,R_1QA7Q71qY2eGEjA,7.85,Force Directed Tree,3,32.668,15,2,38.861,11.812000000000001,40.357,22.616999999999997,17.132,3,2,17.991,2,17.0,2.0,22.983,2,1,1,6,15.474,15.652999999999999,16.416,4,12.495999999999999,27.648000000000003,3,1,3,2,23.578000000000003,19.765,13.579,1
2015-03-30 09:52:07,2015-03-30 10:05:47,1,R_QhNvd8Z3zwf1Ry9,13.666666666666666,Force Directed Tree,3,25.857,11,2,65.449,14.752,16.192,15.427999999999999,25.461,2,1,19.759,1,8.573,2.0,7.809,2,2,1,9,34.619,71.583,23.781999999999996,4,14.987,29.037,2,1,3,3,62.722,11.704,16.634,1
2015-03-30 11:10:36,2015-03-30 11:16:18,1,R_2tnHUer6uTXYNIs,5.7,Force Directed Tree,2,22.201,10,1,10.35,11.921,10.152999999999999,9.464,9.251,3,3,11.459000000000001,2,5.747999999999999,3.0,19.467,3,2,1,5,12.292,22.893,11.814,7,8.446,7.005,4,3,3,1,16.847,8.544,21.453000000000003,4
2015-03-30 11:14:40,2015-03-30 11:16:29,1,R_1ISFndFUV7u8jum,1.8166666666666667,Force Directed Tree,3,3.214,15,2,4.548,2.552,2.272,2.244,2.908,3,1,0.8079999999999999,2,3.716,4.0,0.772,2,3,1,15,2.444,6.42,4.577,6,2.696,2.872,3,4,2,2,4.6819999999999995,3.0639999999999996,16.386,4
2015-03-30 12:21:34,2015-03-30 12:28:08,1,R_2yjAiOuU2PV6R07,6.566666666666666,Force Directed Tree,2,11.157,5,2,37.908,10.74,6.952999999999999,10.742,8.451,2,2,8.337,2,22.0,4.0,8.549,2,2,1,11,17.714000000000002,32.409,12.286,3,6.734,9.777999999999999,3,1,3,2,11.937999999999999,16.322,18.139,1
2015-03-30 13:02:54,2015-03-30 13:11:39,1,R_1dK75THlZFY9mgI,8.75,Force Directed Tree,1,22.348000000000003,7,2,18.932000000000002,7.367000000000001,9.272,19.976,6.337999999999999,3,2,20.539,1,16.309,3.0,22.204,2,3,1,4,32.385999999999996,29.153000000000002,13.897,6,8.504,7.142,3,1,3,2,9.664,10.860999999999999,20.75,1
2015-03-30 13:25:52,2015-03-30 13:31:41,1,R_3fAG1WVYJ50wRKm,5.816666666666666,Force Directed Tree,3,8.337,7,2,24.366999999999997,6.2589999999999995,9.488,17.160999999999998,26.463,3,1,9.318999999999999,2,11.497,4.0,5.808,2,2,1,11,10.021,8.811,18.305,4,16.4,4.656000000000001,3,1,3,2,11.5,27.211,7.547999999999999,1
2015-03-29 17:22:57,2015-03-29 17:26:33,1,R_1CevAH5lquON8tb,3.6,Gapmap,4,11.467,8,2,9.227,6.712000000000001,10.595,5.6,37.967,1,1,7.093999999999999,2,4.8660000000000005,4.0,7.612,2,2,1,11,8.184,8.681000000000001,11.374,5,9.91,6.385,1,1,3,2,8.488999999999999,9.103,7.524,3
2015-03-29 17:32:35,2015-03-29 17:43:29,1,R_3gLXI2wn1UxerDl,10.9,Gapmap,3,28.029,7,2,62.413000000000004,14.151,11.220999999999998,13.071,88.78399999999999,2,1,34.806999999999995,2,28.706999999999997,4.0,20.127,3,2,1,11,10.833,84.382,20.771,5,14.639000000000001,56.873999999999995,4,2,3,2,48.081,11.359000000000002,24.89,1
2015-03-29 17:47:22,2015-03-29 17:51:12,1,R_1H8FOZMMrAj4OSe,3.8333333333333335,Gapmap,2,6.727,10,2,10.887,7.407,10.337,6.235,10.549000000000001,3,1,9.42,1,9.48,4.0,6.306,2,2,1,11,11.828,15.225,11.72,4,14.0,6.43,1,3,3,2,6.112,7.622999999999999,11.587,3
2015-03-29 17:52:06,2015-03-29 17:54:55,1,R_w03P2LSlmmuvs6R,2.816666666666667,Gapmap,2,5.15,8,2,10.360999999999999,8.52,13.290999999999999,5.7989999999999995,10.373,1,1,8.367,2,8.605,4.0,5.845,2,2,1,11,5.9879999999999995,8.523,12.887,5,8.512,5.079,1,2,3,2,6.71,9.148,3.9810000000000003,3
2015-03-29 17:54:52,2015-03-29 17:59:24,1,R_1gHCDJyO9ar3fwq,4.533333333333333,Gapmap,3,7.733,8,2,8.781,10.895999999999999,7.405,6.847,35.72,2,1,8.433,2,6.994,3.0,8.154,2,2,1,4,6.895,14.049000000000001,7.803,5,11.29,7.795,3,2,3,2,8.657,7.14,16.186,3
2015-03-29 18:01:21,2015-03-29 18:12:46,1,R_eVPDLYhv1AHqNKV,11.416666666666666,Gapmap,3,50.419,8,2,13.932,10.322000000000001,25.070999999999998,33.784,37.286,2,1,23.371,1,30.913,3.0,32.616,2,3,1,2,19.344,63.011,15.1,5,12.866,15.415999999999999,2,1,2,2,15.719000000000001,28.035,76.798,1
2015-03-29 18:08:33,2015-03-29 18:14:09,1,R_d05Jtvu04FKmS5z,5.6,Gapmap,2,11.870999999999999,8,2,11.040999999999999,19.039,7.473,18.102,13.28,1,1,6.109,2,5.855,3.0,10.287,1,2,1,11,7.939,10.597000000000001,19.122,4,9.077,6.724,1,1,3,2,14.866,39.11,34.186,3
2015-03-29 18:08:16,2015-03-29 18:15:13,1,R_2S2Y7Gyy9NLcdlU,6.95,Gapmap,3,23.932,15,2,32.531,13.456,11.456,11.652999999999999,20.87,4,1,9.177999999999999,2,11.155,4.0,17.868,1,2,1,16,23.855,21.394000000000002,20.95,8,11.322000000000001,27.195,3,1,2,2,35.14,10.427999999999999,7.977,3
2015-03-29 18:09:22,2015-03-29 18:15:37,1,R_25R7SjgKusyJhCY,6.25,Gapmap,3,12.009,7,2,15.860999999999999,14.867,12.297,9.019,23.139,1,2,7.5520000000000005,3,15.897,3.0,19.188,2,3,1,5,10.975999999999999,36.400999999999996,7.999,5,8.964,16.101,1,2,3,2,18.188,18.372,11.315999999999999,3
2015-03-29 18:48:21,2015-03-29 18:53:54,1,R_VOp7RWnxRyBoVdD,5.55,Gapmap,3,8.102,7,2,8.175,12.745,7.4510000000000005,10.744000000000002,21.285,2,1,12.815999999999999,2,11.67,4.0,8.718,2,2,1,11,7.4910000000000005,14.095,12.719000000000001,4,8.863999999999999,5.358,3,2,3,2,12.935,8.719,5.5329999999999995,1
2015-03-29 18:48:46,2015-03-29 18:55:23,1,R_piopwCHEQVH9Ly1,6.616666666666666,Gapmap,3,8.633,5,2,28.913,21.078000000000003,17.973,8.03,24.182,2,2,20.885,1,27.838,3.0,16.006,2,2,1,8,13.097999999999999,21.176,36.764,8,8.83,9.386000000000001,3,2,3,2,32.618,14.12,27.445999999999998,3
2015-03-29 19:23:01,2015-03-29 19:27:17,1,R_3lQZWHd65TquSOd,4.266666666666667,Gapmap,2,8.179,8,4,16.488,8.491,9.912,6.547999999999999,15.657,3,1,9.274,4,9.238,4.0,10.892000000000001,4,3,1,11,10.35,19.06,13.422,10,13.434000000000001,12.293,4,2,3,1,7.599,10.51,25.631,3
2015-03-29 19:38:39,2015-03-29 19:48:55,1,R_2ri1QGuv2kdkEWN,10.266666666666667,Gapmap,3,14.48,7,2,14.873,13.945,12.572000000000001,15.049000000000001,11.095,1,1,13.870999999999999,2,8.767000000000001,2.0,18.669,2,2,1,4,18.317,117.664,8.217,4,34.723,41.115,3,1,3,2,25.289,26.855999999999998,71.657,3
2015-03-29 19:40:22,2015-03-29 19:52:18,1,R_2OVF9IJdtU66iky,11.933333333333334,Gapmap,3,42.251000000000005,15,2,36.183,22.303,20.986,41.806000000000004,30.285,2,1,26.094,1,35.013000000000005,4.0,38.958,2,3,1,11,17.213,54.792,22.399,7,12.26,30.194000000000003,2,3,3,2,57.33,26.505,12.269,1
2015-03-29 22:36:01,2015-03-29 22:44:28,1,R_ub3pUH3Kp7DntId,8.45,Gapmap,3,42.086000000000006,15,2,19.476,27.284000000000002,21.068,14.42,20.05,1,1,19.076,3,9.902000000000001,4.0,24.254,2,3,1,10,30.008000000000003,33.275,24.695999999999998,9,45.881,14.302,1,2,3,1,19.065,15.328,15.427,3
2015-03-29 23:23:31,2015-03-29 23:29:55,1,R_eKb1c76zPhAc98J,6.4,Gapmap,3,9.974,7,2,13.557,7.695,7.934,21.485,11.684000000000001,2,1,10.457,1,16.325,3.0,15.052999999999999,2,3,1,3,8.264,55.181000000000004,20.656999999999996,4,5.058,12.457,2,1,3,2,29.308000000000003,7.902,23.044,1
2015-03-29 23:23:49,2015-03-29 23:36:10,1,R_3s5lD1N1XnMwqvX,12.35,Gapmap,3,39.317,8,2,14.604000000000001,10.898,29.886,20.004,16.343,2,2,17.965999999999998,2,13.465,2.0,31.486,2,2,1,3,10.507,76.548,15.177,5,5.622999999999999,18.529,2,3,3,2,29.726999999999997,38.138000000000005,37.59,3
2015-03-29 23:33:41,2015-03-29 23:40:11,1,R_1hEXYTseBaENG1z,6.5,Gapmap,3,13.625,8,2,26.625999999999998,24.647,16.868,15.937999999999999,29.695,3,1,16.515,2,9.693,4.0,12.472000000000001,2,2,1,7,10.741,14.822000000000001,12.735999999999999,3,24.979,19.575,2,2,3,2,10.088,32.687,11.507,3
2015-03-29 23:40:59,2015-03-29 23:45:54,1,R_27y5zx5w507SG1a,4.916666666666667,Gapmap,3,9.083,15,2,18.616,4.335,9.685,16.832,10.777000000000001,3,1,8.929,1,6.063,4.0,7.4,2,2,1,11,15.315999999999999,12.275,13.395,8,7.2620000000000005,16.999000000000002,2,1,2,2,7.996,9.091000000000001,7.145,3
2015-03-29 23:40:44,2015-03-29 23:47:53,1,R_3LhW9zleNB3VQL0,7.15,Gapmap,2,29.439,8,2,9.754,11.274000000000001,20.259,16.583,46.128,1,1,14.577,1,10.963,4.0,19.668,3,4,1,10,8.024,20.68,24.416,5,8.544,14.265,1,2,2,2,18.882,16.872,11.562999999999999,3
2015-03-30 04:48:07,2015-03-30 04:51:35,1,R_3eC2JsI715rgVcB,3.466666666666667,Gapmap,2,4.993,9,2,5.164,3.8760000000000003,2.9360000000000004,5.287000000000001,2.912,3,2,2.747,3,11.495,4.0,3.42,2,2,1,12,11.932,8.902999999999999,5.403,5,2.975,3.696,2,2,3,2,6.46,4.416,6.62,3
2015-03-30 05:07:19,2015-03-30 05:16:32,1,R_1OBsdC5C8n3YeCJ,9.216666666666667,Gapmap,3,146.93,5,2,14.299000000000001,9.492,8.837,18.699,19.264,1,1,50.037,2,13.057,3.0,34.285,2,2,1,7,13.817,55.525,17.528,4,7.597,12.456,3,1,3,2,14.8,21.947,10.870999999999999,3
2015-03-30 05:12:31,2015-03-30 05:19:25,1,R_1jfhk6rkGNFYKRw,6.9,Gapmap,2,15.241,8,1,10.206,9.339,13.54,14.780999999999999,11.92,3,1,9.423,3,10.227,5.0,8.362,3,1,1,10,10.635,17.664,10.794,5,10.879000000000001,51.571999999999996,1,1,1,2,15.4,14.529000000000002,10.251,1
2015-03-30 05:39:38,2015-03-30 05:44:47,1,R_1ITmUf4af8G1adx,5.15,Gapmap,2,10.556,10,2,8.017000000000001,10.876,9.217,11.615,13.039000000000001,3,1,10.703,1,7.723,3.0,13.084000000000001,1,3,1,7,31.397,29.807,13.189,6,10.692,10.535,1,1,3,2,7.265,17.213,9.504,3
2015-03-30 06:14:55,2015-03-30 06:21:51,1,R_qVgLZGygGsmY7rr,6.933333333333334,Gapmap,2,15.35,16,2,32.152,14.34,6.587000000000001,13.183,15.408,2,1,17.069000000000003,3,12.261,4.0,15.083,2,2,1,13,19.038,25.987,13.217,6,10.202,6.9110000000000005,3,3,3,2,23.695,8.151,22.97,3
2015-03-30 06:18:29,2015-03-30 06:24:02,1,R_3GsajCYxgInQlmK,5.55,Gapmap,3,8.62,15,2,15.985999999999999,23.463,8.024,24.458000000000002,9.44,2,1,17.694000000000003,2,5.325,4.0,11.374,2,2,1,11,11.888,41.042,9.026,8,14.912,7.207999999999999,3,1,3,2,8.552,6.5120000000000005,9.507,3
2015-03-30 07:16:40,2015-03-30 07:24:02,1,R_1Q57vpUDue01e2l,7.366666666666666,Gapmap,3,8.306000000000001,9,2,20.974,26.491,6.452999999999999,13.814,14.174000000000001,2,1,11.668,1,8.843,4.0,4.295,2,2,1,11,14.097999999999999,31.539,9.929,6,6.39,28.820999999999998,2,2,3,2,48.318999999999996,20.38,10.267999999999999,1
2015-03-30 08:13:20,2015-03-30 08:18:17,1,R_3hFK1xA2mVOhWxP,4.95,Gapmap,1,9.506,8,2,6.351,16.217,11.887,8.442,12.649000000000001,2,3,14.782,2,16.392,4.0,9.267000000000001,2,3,1,11,8.845,14.828,12.239,5,6.138,8.878,1,1,2,2,8.782,26.221,6.712000000000001,2
2015-03-30 08:47:07,2015-03-30 09:06:22,1,R_0NBQOHlMsU8X6zr,19.25,Gapmap,3,13.335,8,2,11.942,42.898999999999994,127.134,46.025,29.09,1,1,63.32899999999999,2,63.152,3.0,35.056,2,2,1,6,19.496,18.082,18.019000000000002,8,12.465,15.556,3,3,1,2,59.677,27.278000000000002,11.437000000000001,1
2015-03-30 10:20:39,2015-03-30 10:26:13,1,R_3knYCN4G1GVbrgp,5.566666666666666,Gapmap,3,9.134,7,2,11.222999999999999,13.681,13.979000000000001,12.985,22.269000000000002,2,1,15.869000000000002,2,16.313,4.0,8.047,2,2,1,11,6.726,12.738,25.236,4,11.122,10.713,3,2,3,2,14.158,16.840999999999998,7.752000000000001,1
2015-03-30 10:50:58,2015-03-30 11:00:19,1,R_2PvU3ZwHDTibaaA,9.35,Gapmap,3,18.259,10,2,10.117,5.459,13.658,13.104000000000001,44.408,4,2,20.382,1,16.743,5.0,29.278000000000002,3,2,1,14,12.865,15.73,45.096000000000004,6,12.491,20.035999999999998,3,2,3,2,32.446999999999996,35.407,47.089,3
2015-03-30 12:24:45,2015-03-30 12:30:09,1,R_Dw71W9VvyTHKzq9,5.4,Gapmap,3,34.371,15,2,10.937000000000001,6.525,5.817,11.946,15.722000000000001,4,1,18.079,2,6.949,4.0,8.077,2,2,1,11,12.917,28.276999999999997,8.392000000000001,9,9.991,8.642000000000001,3,2,3,2,7.649,11.237,13.546,3
2015-03-30 12:45:27,2015-03-30 12:47:28,1,R_2eb7q82bS1E9NS0,2.0166666666666666,Gapmap,2,7.41,8,2,8.908,3.2880000000000003,4.6160000000000005,1.879,3.36,1,1,2.0780000000000003,4,4.877,5.0,2.748,4,3,1,16,2.12,8.406,8.837,5,5.151,5.337999999999999,4,3,3,4,4.988,7.437,4.093999999999999,3
2015-03-30 14:01:21,2015-03-30 14:06:38,1,R_1FsnWrnYgqiHhM0,5.283333333333333,Gapmap,3,64.525,7,2,15.302999999999999,11.97,6.902,17.144000000000002,34.852,2,1,9.408,1,6.96,4.0,9.349,2,3,1,11,8.578,15.274000000000001,13.554,4,6.31,8.191,2,2,3,2,38.983000000000004,8.016,9.742,1
2015-03-29 17:21:09,2015-03-29 17:26:48,1,R_1qVBoKVMPCXN6Lc,5.65,Radial Dendrogram,3,9.445,13,2,5.093999999999999,14.602,10.059,10.286,20.596999999999998,3,1,8.738,3,18.291,4.0,14.612,3,2,1,11,7.492999999999999,36.062,10.884,4,9.762,16.093,2,4,3,1,7.125,11.819,14.229000000000001,1
2015-03-29 17:20:46,2015-03-29 17:28:37,1,R_1DYAZDkRwcWCsv2,7.85,Radial Dendrogram,3,12.652999999999999,7,2,35.179,13.276,8.241,44.577,18.660999999999998,2,2,14.327,1,8.142999999999999,3.0,15.052999999999999,2,3,1,3,15.572000000000001,20.773000000000003,17.521,4,12.174000000000001,14.349,2,3,3,2,38.563,12.01,14.954,1
2015-03-29 17:20:52,2015-03-29 17:29:15,1,R_3iwJs3EarUKaRER,8.383333333333333,Radial Dendrogram,3,17.842,6,2,44.821999999999996,15.353,10.13,14.632,30.159000000000002,2,1,9.681000000000001,2,19.554000000000002,4.0,34.436,3,2,1,11,9.867,21.384,16.55,4,17.272000000000002,29.994,3,1,3,2,9.234,29.368000000000002,6.502000000000001,1
2015-03-29 17:21:43,2015-03-29 17:32:07,1,R_2UYQn4taqYQ5Kp2,10.4,Radial Dendrogram,3,31.625,5,2,17.758,79.794,8.782,16.775,66.725,2,1,20.462,2,12.663,4.0,46.299,2,2,1,10,27.432,53.836999999999996,42.22,4,14.949000000000002,8.902999999999999,3,2,3,2,27.078000000000003,18.281,13.429,1
2015-03-29 17:26:22,2015-03-29 17:33:24,1,R_77EKzKiFYZMQtax,7.033333333333333,Radial Dendrogram,3,10.665999999999999,8,2,21.158,9.557,7.858,12.289000000000001,23.912,2,1,9.866,1,13.062999999999999,4.0,13.289000000000001,2,3,1,11,9.697000000000001,25.671999999999997,16.087,4,11.545,12.140999999999998,2,1,3,2,11.356,16.657,23.298000000000002,1
2015-03-29 17:32:20,2015-03-29 17:37:21,1,R_1M4CUWjSdhI2OnW,5.016666666666667,Radial Dendrogram,3,9.999,13,2,14.849,10.921,6.817,10.502,48.628,2,1,18.633,3,11.98,4.0,6.809,2,2,1,11,7.569,14.800999999999998,13.429,7,9.464,6.645,2,3,3,2,5.752999999999999,12.495,15.879000000000001,1
2015-03-29 17:35:53,2015-03-29 17:42:16,1,R_9TUZ1w5OcbLzgeB,6.383333333333334,Radial Dendrogram,3,10.195,7,2,86.90899999999999,8.22,6.551,13.460999999999999,27.892,2,1,9.99,2,9.948,4.0,15.636,2,2,2,11,14.118,27.884,11.350999999999999,4,14.540999999999999,12.251,2,1,3,2,9.038,17.425,13.148,1
2015-03-29 17:34:24,2015-03-29 17:44:47,1,R_1nTK5CZqBSb9QaT,10.383333333333333,Radial Dendrogram,3,20.028,4,2,22.631,20.144000000000002,10.809000000000001,15.073,107.86399999999999,2,2,13.431,1,16.104,4.0,54.586000000000006,2,3,1,11,18.062,77.743,11.868,5,7.726,82.11399999999999,2,1,3,2,14.569,42.974,13.209000000000001,1
2015-03-29 17:38:34,2015-03-29 17:46:30,1,R_3qHWKNwKO5ktOiw,7.933333333333334,Radial Dendrogram,3,24.660999999999998,6,1,14.392999999999999,7.852,8.792,6.902,25.978,2,3,11.739,3,14.725999999999999,4.0,19.752,2,3,1,11,9.715,49.206,11.571,3,12.183,12.497,2,4,3,2,14.368,18.618,36.919000000000004,1
2015-03-29 17:44:10,2015-03-29 17:51:49,1,R_2f3Wr0soivvn4a7,7.65,Radial Dendrogram,3,9.229,6,2,64.278,10.759,12.704,8.264,22.713,3,1,10.717,2,13.112,3.0,8.63,2,2,1,3,6.0,59.628,11.075,4,8.979,22.101,2,2,4,2,20.494,31.176,13.427,1
2015-03-29 18:00:20,2015-03-29 18:05:36,1,R_10CW2Wrw3E8Sw6p,5.266666666666667,Radial Dendrogram,2,8.103,16,2,11.395999999999999,10.706,11.565,8.741,20.976999999999997,1,1,9.533999999999999,3,21.355,4.0,5.926,2,2,1,13,8.227,14.853,13.931,10,9.552999999999999,14.038,2,3,3,2,9.737,20.218,13.446,3
2015-03-29 19:24:53,2015-03-29 19:36:48,1,R_31nEWYwOrYV02ta,11.916666666666666,Radial Dendrogram,3,27.323,3,4,14.648,18.506,12.703,14.605,132.195,3,1,7.482,3,12.171,4.0,19.042,2,3,1,10,12.324000000000002,17.291,23.528000000000002,3,9.187999999999999,81.734,2,1,3,4,18.820999999999998,67.03399999999999,8.94,3
2015-03-29 19:37:22,2015-03-29 19:46:24,1,R_3fGywcXXxqnnhbt,9.033333333333333,Radial Dendrogram,3,18.727999999999998,2,2,33.479,17.373,10.394,18.873,48.066,2,1,34.281,2,14.665999999999999,4.0,28.791999999999998,2,2,1,11,13.754000000000001,46.84,23.619,2,17.515,13.850999999999999,2,1,3,2,12.270999999999999,18.098,21.938000000000002,1
2015-03-29 21:50:32,2015-03-29 21:57:56,1,R_1mVnnjP1DSUQGLz,7.4,Radial Dendrogram,3,8.4,11,2,27.131,8.868,7.2170000000000005,6.3420000000000005,18.21,3,1,17.976,1,15.373,3.0,11.052999999999999,2,2,1,11,9.207,39.273,15.43,4,16.548,29.311999999999998,2,3,3,2,25.309,11.667,18.994,1
2015-03-29 21:58:53,2015-03-29 22:09:45,1,R_3etdH2ho3ueZh1Q,10.866666666666667,Radial Dendrogram,3,34.321,20,2,26.712,9.921,10.447000000000001,22.573,14.353,1,2,18.129,2,17.137999999999998,4.0,16.559,2,2,1,11,12.620999999999999,126.87,16.74,6,13.978,18.766,2,1,3,2,14.445,56.007,15.806,1
2015-03-29 22:07:33,2015-03-29 22:16:01,1,R_3jT2q0aUNyrVW5Q,8.466666666666667,Radial Dendrogram,3,14.047,3,2,34.335,14.367,14.220999999999998,10.835,27.219,2,3,13.4,1,20.749000000000002,4.0,11.31,2,2,1,11,9.226,69.33,15.854000000000001,6,17.18,8.971,2,1,3,2,36.867,19.090999999999998,23.416,1
2015-03-29 22:13:23,2015-03-29 22:23:49,1,R_1Nh3ExR8KJEQBuu,10.433333333333334,Radial Dendrogram,3,19.055999999999997,20,2,67.285,34.599000000000004,10.764000000000001,12.280999999999999,39.336999999999996,2,1,7.315,3,11.864,4.0,13.050999999999998,2,3,1,11,14.785,52.568000000000005,18.495,7,37.961,31.430999999999997,2,3,3,2,13.568,21.607,16.69,1
2015-03-29 22:27:29,2015-03-29 22:38:19,1,R_1OOyuWMzuNnwrwx,10.833333333333334,Radial Dendrogram,3,36.062,8,2,23.089000000000002,13.245999999999999,12.075999999999999,49.923,47.98,2,1,15.743,2,23.371,4.0,25.971999999999998,2,2,1,7,9.376,31.563000000000002,15.647,5,11.675999999999998,41.168,3,2,1,2,17.375999999999998,21.616,30.776999999999997,1
2015-03-29 23:57:45,2015-03-30 00:10:46,1,R_Bunrbk8Ng7TrVWp,13.016666666666667,Radial Dendrogram,3,18.147000000000002,20,2,41.36,18.059,14.19,16.012999999999998,63.455,2,3,20.32,3,17.137,4.0,15.886,2,3,1,11,14.099,41.6,21.863000000000003,6,26.662,44.791000000000004,2,1,3,2,27.983,17.84,18.512999999999998,1
2015-03-30 00:04:51,2015-03-30 00:11:42,1,R_2U0l9l5Xc2fqdAo,6.85,Radial Dendrogram,3,12.749,1,2,48.352,24.291999999999998,11.597999999999999,12.074000000000002,33.426,3,3,14.395999999999999,1,23.01,4.0,10.078,2,2,1,14,10.085,24.951,21.21,3,10.309000000000001,10.495,2,1,3,1,11.602,13.453,10.696,1
2015-03-30 00:23:09,2015-03-30 00:32:02,1,R_2eVvypfWgihQeJT,8.883333333333333,Radial Dendrogram,3,9.318,15,2,33.335,19.188,10.765,8.388,35.214,1,1,7.872999999999999,3,11.831,3.0,12.966,2,2,1,7,12.581,59.982,32.519,6,25.165,15.875,2,3,3,2,23.08,20.844,36.405,3
2015-03-30 00:28:24,2015-03-30 00:36:40,1,R_2X5uVTO5uMtDt1G,8.266666666666667,Radial Dendrogram,3,19.671,18,3,30.506999999999998,25.518,16.035999999999998,8.35,30.348000000000003,3,1,7.507999999999999,1,25.683000000000003,3.0,10.925,2,3,1,3,9.369,50.005,11.962,6,14.42,27.182,2,1,3,2,25.015,45.942,55.711999999999996,1
2015-03-30 05:23:46,2015-03-30 05:31:35,1,R_3Pe2ldVI1scyRFF,7.816666666666666,Radial Dendrogram,3,26.326999999999998,11,2,19.631,9.788,10.357000000000001,9.599,31.713,1,1,13.693,1,13.927999999999999,4.0,15.181,2,2,1,11,20.35,40.848,19.929000000000002,7,18.11,9.361,2,1,3,2,14.022,15.743,24.74,1
2015-03-30 05:44:00,2015-03-30 05:51:34,1,R_11hjtF9sTllfHpK,7.566666666666666,Radial Dendrogram,3,28.921999999999997,6,2,20.568,11.651,10.855,13.415999999999999,18.327,2,1,15.825,1,10.862,4.0,11.963,2,3,1,10,12.169,18.91,22.993000000000002,5,25.408,18.995,2,1,3,2,16.625999999999998,16.262,13.965,1
2015-03-30 06:13:04,2015-03-30 06:17:45,1,R_3PUcn0vWqw7JLpi,4.683333333333334,Radial Dendrogram,2,9.591000000000001,12,2,7.599,24.002,6.4670000000000005,8.455,8.626,2,1,22.578000000000003,3,19.107,5.0,12.179,2,1,1,10,6.989,19.868,10.899000000000001,7,7.082000000000001,9.146,2,2,1,2,12.614,7.928,6.2989999999999995,1
2015-03-30 06:34:31,2015-03-30 06:41:37,1,R_3snw8WK4QHwBtz6,7.1,Radial Dendrogram,1,14.53,11,2,15.605,17.984,7.155,15.077,29.680999999999997,3,1,10.825999999999999,3,12.429,4.0,9.956,2,3,1,11,8.378,52.925,10.837,7,9.759,11.800999999999998,2,1,3,2,18.683,10.197000000000001,37.464,1
2015-03-30 06:50:43,2015-03-30 07:03:22,1,R_1IctBejJ1Qa9WA2,12.65,Radial Dendrogram,3,33.827,4,2,33.663000000000004,19.166,18.686,22.416,58.00899999999999,2,3,16.234,1,22.522,3.0,19.105,2,3,1,11,18.404,77.113,47.309,3,37.108000000000004,11.523,2,3,3,2,32.141999999999996,41.825,22.884,1
2015-03-30 07:26:10,2015-03-30 07:37:49,1,R_2CUKxvYeyPQHRd7,11.65,Radial Dendrogram,3,12.618,20,2,78.601,24.811,12.970999999999998,8.123,20.57,3,1,17.489,3,10.694,4.0,9.634,2,4,1,11,10.34,114.598,23.545,5,13.075999999999999,30.248,2,1,3,2,39.299,41.865,40.645,1
2015-03-30 08:05:11,2015-03-30 09:00:18,1,R_11WStaqFMXjbb5a,55.11666666666667,Radial Dendrogram,2,5.502000000000001,10,1,23.57,8.33,12.745,12.927999999999999,14.902999999999999,1,2,9.333,3,10.388,1.0,4.777,2,3,1,4,9.849,27.987,21.151,6,5.792000000000001,17.91,2,1,3,2,44.156000000000006,33.743,51.916000000000004,1
2015-03-30 10:34:14,2015-03-30 10:39:24,1,R_2AQYPL0JXLTnX5h,5.166666666666667,Radial Dendrogram,3,10.341,9,2,10.45,4.607,5.7620000000000005,9.138,15.013,3,1,11.324000000000002,1,9.532,3.0,8.187999999999999,2,3,1,4,12.503,19.727,7.782,7,14.147,16.505,2,1,3,2,10.784,29.483,10.478,1
2015-03-30 12:24:56,2015-03-30 12:33:04,1,R_9LvI7NyafsgMZ6p,8.133333333333333,Radial Dendrogram,3,21.095,8,2,40.319,7.591,11.204,47.153,34.628,3,1,11.002,2,19.039,4.0,25.404,2,2,1,11,11.599,39.394,18.622,5,8.177999999999999,16.136,4,1,3,2,28.135,28.463,28.986,1
2015-03-30 12:22:27,2015-03-30 12:49:25,1,R_1DHdE8dsTg4dwex,26.966666666666665,Radial Dendrogram,1,18.725,4,2,33.621,32.385999999999996,84.838,49.651,49.95399999999999,3,1,27.151999999999997,1,18.548,2.0,32.407,3,3,2,4,15.068,220.433,104.03299999999999,5,74.243,116.572,2,3,1,3,69.983,79.80199999999999,135.983,3
2015-03-29 17:22:06,2015-03-29 17:27:55,1,R_9ABWu2Lxs7CgmL7,5.816666666666666,Sunburst,3,23.206,7,2,15.719000000000001,11.115,5.541,8.417,49.214,1,1,5.276,3,5.481,4.0,25.371,4,2,1,4,6.983,29.403000000000002,7.1979999999999995,4,5.529,7.8,3,1,3,2,12.126,6.364,16.436,1
2015-03-29 17:27:22,2015-03-29 17:30:18,1,R_1j9g3yCnSwEgdRo,2.933333333333333,Sunburst,3,5.414,6,2,11.522,8.177999999999999,4.587,6.355,15.445,3,3,7.577000000000001,2,7.178,3.0,6.987,2,2,1,6,8.218,15.823,14.933,4,4.386,5.542000000000001,2,2,3,2,8.607000000000001,4.944,3.85,1
2015-03-29 17:25:27,2015-03-29 17:32:46,1,R_3OrnCDZVGN5pl5f,7.316666666666666,Sunburst,3,19.708,7,2,32.8,16.85,10.785,18.817,33.096,1,2,18.794,3,13.629000000000001,3.0,11.669,2,2,1,3,15.511,31.454,8.838,4,9.509,18.617,2,3,3,3,20.590999999999998,24.863000000000003,14.732999999999999,1
2015-03-29 17:29:02,2015-03-29 17:33:54,1,R_2YhT0jIM0ovyPIN,4.866666666666666,Sunburst,3,11.595999999999998,8,1,11.703,9.54,6.603,7.124,11.737,2,1,10.262,3,6.494,3.0,7.952000000000001,2,3,1,6,7.564,8.315,10.304,5,6.781000000000001,9.266,2,1,3,2,13.011,10.28,3.984,1
2015-03-29 17:25:15,2015-03-29 17:36:08,1,R_1JJkXZW5sWfknUp,10.883333333333333,Sunburst,3,57.516000000000005,8,2,22.663,14.902999999999999,13.782,13.519,73.027,2,1,21.13,2,13.864,3.0,22.759,2,1,1,7,19.407,46.82899999999999,30.379,5,33.086,11.927999999999999,2,1,3,2,66.59,14.936,34.529,1
2015-03-29 17:28:51,2015-03-29 17:37:04,1,R_eVTRVkkLKrw2kdX,8.216666666666667,Sunburst,3,38.594,7,2,14.034,8.315,14.182,16.699,39.973,3,3,15.624,2,27.052,4.0,22.401999999999997,2,2,1,8,18.465,34.79,16.32,7,13.921,10.815,3,2,3,2,24.164,18.779,30.87,1
2015-03-29 17:29:32,2015-03-29 17:39:08,1,R_1OH2LftiMSiLH2P,9.6,Sunburst,2,14.447000000000001,7,2,13.64,40.54,19.718,22.861,18.334,2,3,26.279,1,59.876000000000005,4.0,32.185,2,2,1,6,11.133,21.774,11.397,5,15.455,30.678,3,1,2,2,32.997,17.59,8.115,3
2015-03-29 17:34:29,2015-03-29 17:42:24,1,R_2xVMR92Bv0iK6fc,7.916666666666667,Sunburst,3,13.356,8,2,18.13,6.38,15.668,10.455,37.544000000000004,3,2,7.312,2,18.218,4.0,7.284,2,2,2,7,10.703,60.885,10.812000000000001,10,10.468,8.719,2,2,3,2,17.602,15.892999999999999,9.469,3
2015-03-29 17:58:24,2015-03-29 18:03:23,1,R_5d3BUZuKfyQaVsB,4.983333333333333,Sunburst,3,17.212,6,2,15.915999999999999,7.718999999999999,13.776,8.854,8.2,1,2,11.494000000000002,3,12.33,3.0,7.766,2,3,1,6,10.157,12.325999999999999,8.488999999999999,4,11.29,7.809,2,3,3,2,10.434000000000001,17.804000000000002,7.471,1
2015-03-29 17:59:23,2015-03-29 18:07:03,1,R_21b5ZkM961ZDOw9,7.666666666666667,Sunburst,3,12.767999999999999,7,2,18.817,12.148,10.044,32.586999999999996,23.118000000000002,2,1,22.340999999999998,1,15.306,3.0,13.293,2,3,1,6,16.851,26.256999999999998,16.976,4,17.183,11.187000000000001,3,1,3,2,13.787,14.463,21.340999999999998,1
2015-03-29 18:04:46,2015-03-29 18:11:29,1,R_2cclDp2fTqro7df,6.716666666666667,Sunburst,3,14.640999999999998,8,2,16.883,10.597999999999999,8.576,9.501,16.594,2,2,12.962,1,12.044,3.0,8.738,2,3,3,6,14.374,11.425999999999998,13.745999999999999,4,8.272,20.989,2,1,3,2,11.84,9.687999999999999,14.315,1
2015-03-29 18:10:41,2015-03-29 18:16:19,1,R_wN1ePDJXDNdACAx,5.633333333333334,Sunburst,3,9.953,7,2,11.9,13.014000000000001,7.3389999999999995,8.868,9.161,3,2,10.652000000000001,1,6.752000000000001,4.0,8.074,2,3,1,9,10.942,8.776,9.043,4,6.76,7.851,2,1,3,2,15.453,10.059,7.935,1
2015-03-29 18:15:12,2015-03-29 18:22:36,1,R_3JaaiJSSa4Dm0NF,7.4,Sunburst,3,27.872,6,2,14.130999999999998,14.123,14.844000000000001,15.533,18.651,2,3,13.244000000000002,3,12.633,3.0,19.249000000000002,1,3,1,6,13.183,39.854,14.965,2,10.43,19.564,2,3,3,2,15.427,18.159000000000002,50.631,1
2015-03-29 18:13:50,2015-03-29 18:22:53,1,R_1NgMbUHC55zZBoM,9.05,Sunburst,3,18.823,5,2,12.902000000000001,9.561,13.224,13.880999999999998,34.579,3,2,12.446,1,39.548,3.0,19.781,2,3,1,6,14.284,19.926,14.675,4,20.203,51.062,2,1,3,2,39.312,33.995,11.29,1
2015-03-29 18:26:53,2015-03-29 18:33:17,1,R_0wyw9DENUqY23SN,6.4,Sunburst,3,10.539000000000001,6,2,14.42,17.592,18.049,9.424,38.94,3,1,13.931,2,12.425999999999998,4.0,12.628,2,2,1,9,6.678,13.662,14.722000000000001,3,3.66,9.276,2,1,3,2,9.743,21.026999999999997,20.750999999999998,1
2015-03-29 18:52:04,2015-03-29 18:59:08,1,R_9v5e8k0qqbfqEqF,7.066666666666666,Sunburst,3,30.51,20,1,27.612,23.506999999999998,20.044,22.526999999999997,17.404,3,1,30.108,3,13.584000000000001,3.0,17.901,2,3,2,8,13.713,35.426,29.660999999999998,10,18.52,17.051,2,2,3,2,22.622,18.256,22.463,1
2015-03-29 19:02:59,2015-03-29 19:09:23,1,R_3GBOUtx4kfb2j70,6.4,Sunburst,3,38.199,7,1,12.966,9.401,9.816,7.218999999999999,5.902,1,3,12.312000000000001,1,7.441,4.0,7.349,2,3,2,8,8.437000000000001,18.1,51.847,5,13.821,22.213,2,2,3,2,10.923,8.104,59.053999999999995,1
2015-03-29 19:05:21,2015-03-29 19:12:17,1,R_4OcLqYosLvs6qPf,6.933333333333334,Sunburst,3,16.293,19,2,41.38399999999999,6.193,8.346,10.443,43.583999999999996,3,2,6.596,1,9.847000000000001,4.0,7.269,2,3,1,12,9.304,65.434,42.281000000000006,7,10.815,7.955,2,1,3,2,23.546,12.664000000000001,13.648,1
2015-03-29 19:07:22,2015-03-29 19:17:18,1,R_b8COfAXS1BteOqJ,9.933333333333334,Sunburst,3,25.377,8,2,22.725,10.112,8.855,11.225999999999999,17.255,2,1,15.367,1,10.025,3.0,37.791,2,3,1,4,10.982999999999999,10.165,18.576,5,7.575,12.535,2,1,3,2,18.167,9.009,24.71,1
2015-03-29 19:28:38,2015-03-29 19:38:13,1,R_1obf4uJ1HYmmIYm,9.583333333333334,Sunburst,3,14.173,6,2,25.544,11.397,10.09,15.140999999999998,60.971000000000004,1,1,24.430999999999997,3,18.555999999999997,3.0,15.497,2,3,1,6,25.366999999999997,14.481,18.732,4,35.339,32.25,2,1,3,2,70.461,20.517,40.827,1
2015-03-29 19:40:03,2015-03-29 19:46:43,1,R_ZjXdhq0TAtmnTsl,6.666666666666667,Sunburst,3,13.367,6,2,12.845999999999998,14.45,8.861,14.384,35.65,2,1,9.195,2,24.881,3.0,10.347999999999999,2,3,1,6,5.907,31.721,10.804,4,11.827,9.345,3,1,3,2,13.946,22.726999999999997,26.634,1
2015-03-29 20:04:50,2015-03-29 20:21:21,1,R_1gcnwl0ZXdldp8B,16.516666666666666,Sunburst,3,17.005,8,2,47.18,6.905,41.855,17.259,37.071999999999996,1,1,23.237,4,44.772,4.0,10.437000000000001,2,3,2,6,14.785,119.51799999999999,30.949,4,25.551,12.599,2,2,3,2,49.762,29.735,120.905,1
2015-03-30 05:10:03,2015-03-30 05:24:49,1,R_2v9cmfAMYuCFfDI,14.766666666666667,Sunburst,2,16.722,5,1,63.506,34.678000000000004,15.802999999999999,77.913,55.893,3,2,54.608999999999995,3,19.973,3.0,11.179,2,3,1,6,22.546,79.5,15.254000000000001,4,11.083,12.045,2,1,1,2,19.243,57.181000000000004,73.548,3
2015-03-30 05:46:29,2015-03-30 05:49:18,1,R_1prFk7Uq0tK4nbc,2.816666666666667,Sunburst,3,5.624,7,2,8.64,6.596,4.44,7.569,12.255999999999998,2,1,6.642,1,6.11,4.0,7.352,2,3,1,11,5.867000000000001,7.928999999999999,12.887,4,5.301,6.178999999999999,2,3,3,2,8.443,4.675,7.676,1
2015-03-30 06:17:43,2015-03-30 06:24:28,1,R_2fk6fWmvY16aqTx,6.75,Sunburst,3,10.439,6,2,12.514000000000001,13.097000000000001,9.104,8.077,10.062999999999999,3,1,11.024000000000001,3,9.985,3.0,8.405,2,3,1,6,14.783,51.258,14.852,4,9.336,13.911,2,3,3,2,18.558,9.46,8.066,1
2015-03-30 06:36:43,2015-03-30 06:43:55,1,R_w5aqNT5HTZnJGsF,7.2,Sunburst,3,12.315,13,2,23.873,8.35,8.549,12.616,29.201,3,3,10.107000000000001,3,12.04,4.0,6.617999999999999,2,3,2,5,20.264,39.17,12.379000000000001,8,40.453,27.763,2,1,3,2,26.061999999999998,9.965,26.416999999999998,1
2015-03-30 07:10:03,2015-03-30 07:15:33,1,R_YSTJl0MPsU8paAF,5.5,Sunburst,3,10.863,11,2,15.205,10.300999999999998,7.787000000000001,5.928,23.153000000000002,3,2,6.334,3,7.938,3.0,6.535,2,1,1,10,7.3839999999999995,20.892,8.266,6,8.355,25.625999999999998,2,2,3,2,10.004,6.797999999999999,9.206,1
2015-03-30 08:06:15,2015-03-30 08:12:05,1,R_1dN3OhtzAKl45Oq,5.833333333333333,Sunburst,3,28.555,12,2,17.143,12.341,7.125,5.103,18.677,1,1,9.811,1,23.322,3.0,17.715,2,2,1,6,8.0,15.339,8.122,8,20.491999999999997,10.83,2,1,3,2,15.078,19.865,23.866,1
2015-03-30 08:13:41,2015-03-30 08:18:58,1,R_3M3S455OkbsJGf9,5.283333333333333,Sunburst,3,8.642999999999999,6,2,18.533,10.62,10.731,10.772,11.404000000000002,3,1,11.509,2,11.39,3.0,11.915,2,1,1,6,17.79,16.992,13.297,4,15.222000000000001,11.819,2,1,3,2,14.350999999999999,10.086,8.014,1
2015-03-30 10:42:08,2015-03-30 10:47:31,1,R_eP9Yq82NgWD0CoZ,5.383333333333334,Sunburst,3,5.822,13,2,27.974,11.748,13.405,6.997000000000001,9.456,3,2,18.06,1,15.87,3.0,10.787,2,3,2,7,12.520999999999999,19.029,12.465,8,5.465,16.869,2,3,3,2,16.615,5.346,5.749,1
2015-03-30 11:34:20,2015-03-30 11:41:57,1,R_1LnvKNaUcIcj04L,7.616666666666666,Sunburst,3,46.928999999999995,8,2,15.417,21.331,9.869,24.666999999999998,19.628,4,1,9.949,1,9.621,4.0,11.55,2,3,1,11,16.17,36.48,26.965999999999998,4,15.357999999999999,11.937000000000001,2,3,3,2,13.731,14.548,12.855,1
2015-03-30 12:39:51,2015-03-30 12:46:46,1,R_1EaKIm0judMy4nM,6.916666666666667,Sunburst,3,30.081,3,2,18.134,4.704,7.982,4.578,25.756,1,3,4.55,3,7.513,2.0,6.256,2,3,1,3,7.769,11.179,11.432,2,15.148,15.184000000000001,2,3,3,2,7.909,27.901,39.321999999999996,1
2015-03-30 13:34:24,2015-03-30 13:43:18,1,R_3fwywPtw7JbnsgJ,8.9,Sunburst,3,23.406,8,4,10.309000000000001,17.969,9.771,21.09,57.989,4,1,26.326999999999998,2,13.058,4.0,18.590999999999998,2,2,1,3,30.503,18.535,14.577,5,8.433,35.015,3,1,3,2,19.752,13.777000000000001,17.381,1
